{
  "model_type": "gradient_boosting",
  "all_models": {
    "random_forest": {
      "mae": 0.6015955777067388,
      "rmse": 0.7409040878242057,
      "r2": 0.6223123988961119,
      "mape": 0.8337329634016591,
      "val_mae": 0.6555704359181388
    },
    "gradient_boosting": {
      "mae": 0.3652821353844603,
      "rmse": 0.44870790776194486,
      "r2": 0.8614724374604453,
      "mape": 0.5073590386891215,
      "val_mae": 0.36744724789780037
    }
  }
}