{
  "model_type": "gradient_boosting",
  "all_models": {
    "random_forest": {
      "mae": 0.2081934314157509,
      "rmse": 0.25275407445519427,
      "r2": 0.9464590519421173,
      "mape": 3.0910336647325862,
      "val_mae": 0.26720646106038676
    },
    "gradient_boosting": {
      "mae": 0.10921808928163751,
      "rmse": 0.13218702190066545,
      "r2": 0.9853557422863494,
      "mape": 1.6446491086578598,
      "val_mae": 0.1601221044934997
    }
  }
}