{
  "model_type": "gradient_boosting",
  "all_models": {
    "random_forest": {
      "mae": 2.416247198987558,
      "rmse": 3.017182126394181,
      "r2": 0.8032663488780816,
      "mape": 3.0776687397207647,
      "val_mae": 1.9016557722189997
    },
    "gradient_boosting": {
      "mae": 1.4807352062654449,
      "rmse": 1.8083461820175297,
      "r2": 0.9293294052171461,
      "mape": 1.9089233727919086,
      "val_mae": 1.073890997442074
    }
  }
}