{
  "model_type": "gradient_boosting",
  "all_models": {
    "random_forest": {
      "mae": 1.1557155276796034,
      "rmse": 1.4339772049471096,
      "r2": 0.9241735094889462,
      "mape": 1.3983654512369479,
      "val_mae": 1.2814695689418167
    },
    "gradient_boosting": {
      "mae": 0.8455583737032523,
      "rmse": 1.0116686877895398,
      "r2": 0.9622590283271849,
      "mape": 1.0115170348066858,
      "val_mae": 0.6967646328095206
    }
  }
}