{
  "model_type": "gradient_boosting",
  "all_models": {
    "random_forest": {
      "mae": 2.132265684626202,
      "rmse": 2.5644021889718265,
      "r2": 0.9332389051693577,
      "mape": 1.5867143291683465,
      "val_mae": 2.188515568842087
    },
    "gradient_boosting": {
      "mae": 1.5582511333730305,
      "rmse": 1.86267416813388,
      "r2": 0.9647771124892205,
      "mape": 1.1624311216330367,
      "val_mae": 1.4258212713962028
    }
  }
}