{
  "MAE": 1.2226587248132692,
  "RMSE": 1.5090748831874616,
  "R2": 0.9577843666525698,
  "MAPE": 1.6136514905198833
}