{
  "MAE": 0.0006911009346034112,
  "RMSE": 0.0007610419204885135,
  "R2": -0.06923152338149596,
  "MAPE": 0.24477165839673418,
  "best_val_loss": 0.028298264295386844
}