{
  "MAE": 0.0003108172326449765,
  "RMSE": 0.00038976161296920233,
  "R2": -0.0498497870539274,
  "MAPE": 0.10670446481354642,
  "best_val_loss": 0.005304438527673483
}