{
  "MAE": 7.15552942477279,
  "RMSE": 8.352064552352548,
  "R2": -0.011716085347714955,
  "MAPE": 8.696249590237812
}