{
  "mae": 9.251194333567208,
  "rmse": 11.613150012218792,
  "r2": -0.1255427733139558,
  "mape": 7.18023973109885
}