{
  "mae": 6.470708680384368,
  "rmse": 7.667681547506168,
  "r2": 0.000649613885783773,
  "mape": 8.499962421821971
}