{
  "MAE": 0.001069954601011329,
  "RMSE": 0.0013059928267892742,
  "R2": -0.0669912740444798,
  "MAPE": 0.24918106435267434,
  "best_val_loss": 0.007969904225319624
}