{
  "MAE": 4.51183511976447e-05,
  "RMSE": 5.020897768586921e-05,
  "R2": -4.238833438155596,
  "MAPE": 0.015817322197091987,
  "best_val_loss": 8.02325303084217e-05
}