{
  "MAE": 0.007955179819810624,
  "RMSE": 0.009323647156683422,
  "R2": -0.04136065806487599,
  "MAPE": 0.37521950295498496,
  "best_val_loss": 0.059058286249637604
}