{
  "mae": 1.5582511333730305,
  "rmse": 1.86267416813388,
  "r2": 0.9647771124892205,
  "mape": 1.1624311216330367,
  "val_mae": 1.4258212713962028
}