{
  "mae": 0.9511219522227412,
  "rmse": 1.1178317470724608,
  "r2": 0.016627363630439485,
  "mape": 1.2766657372842307
}