{
  "mae": 0.17341158286384908,
  "rmse": 0.20469166043597423,
  "r2": 0.2740570460960179,
  "mape": 2.662116478121828
}