{
  "MAE": 1.3951874881533521,
  "RMSE": 1.7087873122343813,
  "R2": -0.003874414284769534,
  "MAPE": 17.26866378526795
}