{
  "MAE": 0.0032061136959870276,
  "RMSE": 0.003778678478117971,
  "R2": -0.11667655992297865,
  "MAPE": 0.7359483826927786,
  "best_val_loss": 0.10256247869390925
}