{
  "MAE": 2.024390391391673,
  "RMSE": 2.743187648508355,
  "R2": 0.9291064690353474,
  "MAPE": 1.5079468107099274
}