{
  "MAE": 0.47390145694508296,
  "RMSE": 0.6020427663701249,
  "R2": 0.7250304834134316,
  "MAPE": 0.656738538675874
}