{
  "mae": 0.2780689239501957,
  "rmse": 0.3240982863277378,
  "r2": -0.0036757891552021693,
  "mape": 0.3776836546907883
}