{
  "MAE": 11.890734878616716,
  "RMSE": 14.073399800414695,
  "R2": -0.012891351109993066,
  "MAPE": 8.044013440715165
}