{
  "MAE": 0.027698185302612463,
  "RMSE": 0.03126920953418575,
  "R2": -0.005563646150909651,
  "MAPE": 132.38940735319994,
  "best_val_loss": 0.06412389866973088
}