{
  "MAE": 0.012998363066211839,
  "RMSE": 0.01609564434262413,
  "R2": 0.0009860608979883612,
  "MAPE": 85.03019658355258,
  "best_val_loss": 0.019684053026139736
}