{
  "mae": 2.331551510354747,
  "rmse": 2.6416744029924115,
  "r2": -0.01070409078822454,
  "mape": 2.777319726948835
}