{
  "MAE": 2.082237024411277e-05,
  "RMSE": 2.608873728813079e-05,
  "R2": -0.47543067000697947,
  "MAPE": 0.007299440721951576
}