{
  "MAE": 0.23598944439607508,
  "RMSE": 0.28684325271040007,
  "R2": 0.9497537817931305,
  "MAPE": 2.897283566965697
}