{
  "mae": 3.5553233934485395,
  "rmse": 4.293682155649987,
  "r2": 0.006236064269192987,
  "mape": 2.644508811637329
}