{
  "mae": 1.4807352062654449,
  "rmse": 1.8083461820175297,
  "r2": 0.9293294052171461,
  "mape": 1.9089233727919086,
  "val_mae": 1.073890997442074
}