{
  "MAE": 0.009259376395649296,
  "RMSE": 0.011566086309133862,
  "R2": -0.2023450465865051,
  "MAPE": 0.43662734777683965,
  "best_val_loss": 0.0734856680825872
}