{
  "MAE": 1.5302014070398666,
  "RMSE": 1.944468403351318,
  "R2": 0.9299104117766812,
  "MAPE": 1.9883650724356605
}