{
  "MAE": 1.023568546070772,
  "RMSE": 1.2524866255468938,
  "R2": 0.9447070312610005,
  "MAPE": 1.1888885350808942
}