{
  "mae": 0.3652821353844603,
  "rmse": 0.44870790776194486,
  "r2": 0.8614724374604453,
  "mape": 0.5073590386891215,
  "val_mae": 0.36744724789780037
}