{
  "mae": 4.843446898228913,
  "rmse": 5.805611270158556,
  "r2": -0.021994962970423027,
  "mape": 5.8327407374275415
}