{
  "mae": 1.256285465573802,
  "rmse": 1.5313315425864131,
  "r2": -0.6547397282103424,
  "mape": 1.7390405167526157
}