{
  "mae": 0.8455583737032523,
  "rmse": 1.0116686877895398,
  "r2": 0.9622590283271849,
  "mape": 1.0115170348066858,
  "val_mae": 0.6967646328095206
}