{
  "mae": 1.1640935860791253,
  "rmse": 1.4429923805539142,
  "r2": -0.011047030692579396,
  "mape": 16.689534797480153
}