{
  "MAE": 0.14196688033241456,
  "RMSE": 0.19583354043117013,
  "R2": 0.9765799264939092,
  "MAPE": 1.7746739974731875
}