{
  "MAE": 0.0013959654022616139,
  "RMSE": 0.001646427246263143,
  "R2": -0.23937854477697895,
  "MAPE": 0.47818611807553857,
  "best_val_loss": 0.06848506851383718
}