{
  "MAE": 1.049938596792557,
  "RMSE": 1.1873583541117319,
  "R2": -0.037545011512480464,
  "MAPE": 1.1729004388327786
}