{
  "MAE": 0.2582956190528441,
  "RMSE": 0.3317589108580706,
  "R2": 0.9165021951546164,
  "MAPE": 0.3609132439003484
}