{
  "MAE": 5.84599741260011,
  "RMSE": 7.044289995512974,
  "R2": -0.07219101723539745,
  "MAPE": 6.1230245421787055
}