{
  "MAE": 2.494954726275276,
  "RMSE": 3.132012198754823,
  "R2": 0.9075850007937716,
  "MAPE": 1.8789158735098728
}