{
  "mae": 0.10921808928163751,
  "rmse": 0.13218702190066545,
  "r2": 0.9853557422863494,
  "mape": 1.6446491086578598,
  "val_mae": 0.1601221044934997
}