{
  "MAE": 0.7447921314837295,
  "RMSE": 0.895596450025555,
  "R2": 0.9717285267097319,
  "MAPE": 0.8644158244368992
}