{
  "MAE": 0.15162338327977573,
  "RMSE": 0.20611597265399595,
  "R2": 0.9735062932718873,
  "MAPE": 1.9265774427796707
}