{
  "MAE": 2.0957682660786587,
  "RMSE": 2.7355825426382805,
  "R2": 0.9344611613788519,
  "MAPE": 1.5458591711202823
}