{
  "MAE": 1.0068961454241463,
  "RMSE": 1.1835696091573118,
  "R2": 0.33740012461284385,
  "MAPE": 14.543669630746697,
  "best_val_loss": 0.0174593236297369
}