{
  "MAE": 0.0005542241283003832,
  "RMSE": 0.00062274413636312,
  "R2": -0.0688758761104582,
  "MAPE": 0.1958728625287867,
  "best_val_loss": 0.020459550868972026
}