{
  "MAE": 0.014835954366699171,
  "RMSE": 0.017345620107091675,
  "R2": 0.32428543952266575,
  "MAPE": 61.3037741139503,
  "best_val_loss": 0.02862035426338441
}