{
  "MAE": 6.352110702000307,
  "RMSE": 7.40796447797602,
  "R2": 0.04904717358526456,
  "MAPE": 8.383535338364757,
  "best_val_loss": 0.06513837600747745
}