{
  "MAE": 0.2879594506844305,
  "RMSE": 0.35719728494096603,
  "R2": 0.9015137820086534,
  "MAPE": 0.4023398917928083
}