{
  "MAE": 0.0019012940283664053,
  "RMSE": 0.002330737450294226,
  "R2": 0.06549433898333279,
  "MAPE": 0.4401829344633643,
  "best_val_loss": 0.029746079119904414
}