{
  "MAE": 0.8225728910338396,
  "RMSE": 0.9393284025084635,
  "R2": 0.9686923918576961,
  "MAPE": 0.9559979681425443
}