{
  "MAE": 1.2693454185228668,
  "RMSE": 1.5728115390566184,
  "R2": -0.7381055988368612,
  "MAPE": 1.7969703199640321,
  "best_val_loss": 2.5167533901064115e-05
}