{
  "MAE": 0.007131803250719178,
  "RMSE": 0.008560160469142654,
  "R2": 0.1278833861533718,
  "MAPE": 0.3363788919971686,
  "best_val_loss": 0.055203826224107445
}