{
  "MAE": 0.0006861014628035105,
  "RMSE": 0.0008399410262643756,
  "R2": 0.03261247473288542,
  "MAPE": 0.235527512820397,
  "best_val_loss": 0.027330070536760454
}