{
  "MAE": 4.991548259606522,
  "RMSE": 5.86375762191874,
  "R2": 0.005139834283895417,
  "MAPE": 6.0296702967012115,
  "best_val_loss": 0.00777619774453342
}