{
  "MAE": 1.1466214341625482,
  "RMSE": 1.4199493353761157,
  "R2": 0.9626236037687533,
  "MAPE": 1.50403539160137
}