{
  "MAE": 8.996337376283796,
  "RMSE": 11.074470829400648,
  "R2": 0.01838974843732677,
  "MAPE": 6.859840576881748,
  "best_val_loss": 0.005072210216894746
}